,phi,q
count,2476.0,2476.0
mean,0.3853041667375449,0.5009538554567206
std,0.007281976645849032,0.2861713656838843
min,0.36400335434265135,0.0001747711811839192
25%,0.380390327057812,0.2530238157287778
50%,0.38526342093718824,0.5054279787313067
75%,0.3900924259871634,0.7443861924933015
max,0.4102559933806854,0.9995878848477823
