,phi,q
count,2483.0,2483.0
mean,0.3532348402687362,0.49963494008576415
std,0.014611144132756633,0.28348451086359056
min,0.31179285178429306,0.0017760222151060878
25%,0.3428691918815371,0.2579159466556697
50%,0.3533435559008005,0.49128255312418334
75%,0.36327482593033444,0.7457726326473293
max,0.3944263404796325,0.9987529207546281
