,phi,q
count,2523.0,2523.0
mean,0.5134283111927435,0.49825422729308577
std,0.012598120084147336,0.29073090703907684
min,0.47448346023242005,0.0008517386894679735
25%,0.5047034573727359,0.2507011140847148
50%,0.5137793383265934,0.5011757690961235
75%,0.5225932437927179,0.7511138382412261
max,0.5488704638547139,0.9997705812453905
