,phi,q
count,2491.0,2491.0
mean,0.4886430473031055,0.503689336501106
std,0.005760557677380185,0.2905772671773177
min,0.47155244028794013,0.0002822680427774227
25%,0.4847458395456265,0.24855465701702423
50%,0.48847042381241734,0.501419437335142
75%,0.492528728428111,0.7626847369497134
max,0.5079215462484218,0.9997910432840895
