,phi,q
count,2455.0,2455.0
mean,0.39011261225909705,0.5012114338441421
std,0.012198492261489766,0.28688820078690774
min,0.3608439712412357,0.000230433897434712
25%,0.3812454681798947,0.25575953639539034
50%,0.3872632027327149,0.5056502719275356
75%,0.39810545376593626,0.7468844419158931
max,0.43562355614768283,0.9996053865420319
