,phi,q
count,2539.0,2539.0
mean,0.5122871142580976,0.5052707057367883
std,0.011521347325863763,0.2889200002965683
min,0.4834384031540852,0.0003496364300558108
25%,0.5039501992236994,0.25807194281572293
50%,0.5119864053707379,0.5091320103837842
75%,0.519855410193548,0.7531079257803048
max,0.5485647654042605,0.9997092400844388
