,phi,q
count,2501.0,2501.0
mean,0.5145488767887304,0.49627834752979844
std,0.010667615921984874,0.2875658926095725
min,0.46044594734775673,0.00029325957310832873
25%,0.5087416999830564,0.24641273018253174
50%,0.5159195038088229,0.4930041739903035
75%,0.5215785640440718,0.742784034389331
max,0.5444478942206052,0.9997104733435711
