,phi,q
count,2499.0,2499.0
mean,0.31429073997234536,0.49645776424496774
std,0.01569525710578467,0.29197609548779
min,0.25736977895705215,0.00010865579521479596
25%,0.30553283551511506,0.24202709560553304
50%,0.31643836651236434,0.49618542325489645
75%,0.3241831304598016,0.7534745926474606
max,0.3609051081639949,0.99947973587499
