,phi,q
count,2529.0,2529.0
mean,0.4889520264229651,0.4946285468984616
std,0.010087513744114021,0.285468212608786
min,0.4545003524083973,0.00036685687388726684
25%,0.48199598795218024,0.2521217984634313
50%,0.48798364134620553,0.4922253457208855
75%,0.49586452881958404,0.7371883739648427
max,0.5206666916901824,0.9998981567781542
