,phi,q
count,2489.0,2489.0
mean,0.516946513380338,0.5026315548821949
std,0.01184811051007973,0.28452480367834243
min,0.46044594734775673,0.0003654085162619891
25%,0.510744318439454,0.2643728468832953
50%,0.5180677323321661,0.5045479658833243
75%,0.5248117109770187,0.7496302532771005
max,0.5454376909446707,0.9997297854563801
