,phi,q
count,2511.0,2511.0
mean,0.3150512200783655,0.5041422685316655
std,0.01691484069066055,0.2825947727268894
min,0.2438566225484016,0.00015594329735357793
25%,0.30585985536788174,0.2690158813150654
50%,0.3165031688171472,0.5054765308259275
75%,0.32558491843380216,0.7381539282431898
max,0.360941967108935,0.9991495923370535
