,phi,q
count,2495.0,2495.0
mean,0.34772859722457045,0.48710362771549454
std,0.017498374054359844,0.2918733284560048
min,0.30354715312013497,1.5963852321498884e-05
25%,0.3356956556908491,0.23210447608402934
50%,0.3477249899955329,0.4765029125693865
75%,0.36087656125433815,0.7424901177122638
max,0.3883985675668728,0.9993418594879465
