,phi,q
count,2499.0,2499.0
mean,0.48944036100110483,0.5135570632590383
std,0.006717498341427658,0.2863349738593653
min,0.46636332627273847,0.0001648411797717797
25%,0.48540005769028416,0.2621192408256335
50%,0.48903977039814434,0.5279627581307047
75%,0.49341835753800123,0.7641913423776996
max,0.521678309563772,0.9999774857199577
