,phi,q
count,2479.0,2479.0
mean,0.4797133199248921,0.4971661119505368
std,0.009333010812300396,0.2869657145100113
min,0.4465547861469417,0.0003393841289088817
25%,0.47365317388368333,0.25304878224454813
50%,0.4796943328036798,0.49949416684907
75%,0.48512524882303515,0.7408756159292813
max,0.5120101146036187,0.9998146942517286
