,phi,q
count,2449.0,2449.0
mean,0.5179138646419443,0.4913762638631122
std,0.015977625597932286,0.28534808363369624
min,0.4746393955591577,0.0007259442245161063
25%,0.5064145576958425,0.24602393627997077
50%,0.5173890633837084,0.4781078327571632
75%,0.5277559519757269,0.7373352050265645
max,0.5676330041472636,0.9996524561636382
