,phi,q
count,2561.0,2561.0
mean,0.505400533584469,0.4983969812249187
std,0.008751533323536946,0.2884100592613211
min,0.4743764511923436,0.00012501437974776763
25%,0.499659626414498,0.252085207545231
50%,0.5054700071038192,0.5053867901708597
75%,0.5113119478251064,0.7527319641089487
max,0.5308797838494754,0.9997217807559547
