,phi,q
count,2476.0,2476.0
mean,0.3181657992534798,0.4996000085941452
std,0.011029133476916668,0.2897563843143433
min,0.28008346341452806,0.00016612169929997034
25%,0.3103629078826927,0.25530493684158045
50%,0.31879885541706215,0.4966080054671584
75%,0.32596327266812775,0.7469719490961546
max,0.3469905607887015,0.9994019118851385
