,phi,q
count,2510.0,2510.0
mean,0.4890224652270732,0.5158376695660912
std,0.010291383344128931,0.28891649097061856
min,0.45187458449770096,0.0003123086568993516
25%,0.4820046345240613,0.26846785570829057
50%,0.48902333932689135,0.5276482001407143
75%,0.49621067522447804,0.7629088004994906
max,0.51701442734512,0.999233490943786
