,phi,q
count,2453.0,2453.0
mean,0.3998391908006408,0.4924792606687136
std,0.01343858400015871,0.28814388037445776
min,0.36341006375542473,0.002077316356296599
25%,0.3906174812509975,0.2406917880085404
50%,0.4003986125724671,0.4916258995397116
75%,0.41030479064122405,0.7365386112463161
max,0.4340291334159472,0.9998431927967041
