,phi,q
count,2524.0,2524.0
mean,0.4489102854459635,0.48921642554355643
std,0.014460514030487714,0.2910937964591653
min,0.4127872965496591,0.00018793265324990038
25%,0.43831090541284257,0.234472982738601
50%,0.44753860616067154,0.4732542013755649
75%,0.45846468410875496,0.7456268115278657
max,0.5002513200981936,0.9996370089978986
