,phi,q
count,2469.0,2469.0
mean,0.3312895528069011,0.4910959861002041
std,0.011338460906110615,0.2897075557642629
min,0.30374216748250593,3.9210348085294555e-05
25%,0.32323071646942025,0.23950031903458247
50%,0.3304142399788428,0.49019566415620697
75%,0.3385559777207805,0.7407171222601298
max,0.3685996351647297,0.9999523662340605
